"","bio_1","bio_8","bio_12","bio_15","bio_16","aridity"
"Pan.plateau",14.2,7.8,398,82,205,2.80281690140845
"Pan.south",14.4,8,377,82,194,2.61805555555556
"Pan.north",14.4,8,377,82,194,2.61805555555556
"MNP1",21.5,31.8,70,47,26,0.325581395348837
"MNP2",20.8,31.1,80,45,29,0.384615384615385
"MNP3",20.4,30.6,89,46,33,0.436274509803922
"MNP4",18.7,28.6,134,44,47,0.716577540106952
"MNP5",17.5,9.4,168,44,57,0.96
